modzcta,modzcta_name,label,lat,lon,percentpositivity_7day,people_tested,people_positive,median_daily_test_rate,adequately_tested,daterange
10001,Chelsea/NoMad/West Chelsea,"10001, 10118",40.750693,-73.997137,6.7,2670,179,1727.4,Yes,December 10-December 16
10002,Chinatown/Lower East Side,10002,40.715781,-73.986176,8.22,4077,335,894.8,Yes,December 10-December 16
10003,East Village/Gramercy/Greenwich Village,10003,40.731825,-73.989164,11.26,5488,618,1441.3,Yes,December 10-December 16
10004,Financial District,10004,40.703675,-74.013106,3.85,390,15,1816.9,Yes,December 10-December 16
10005,Financial District,10005,40.706092,-74.008861,9.21,684,63,1495.9,Yes,December 10-December 16
10006,Financial District,10006,40.709651,-74.013044,5.36,466,25,1774.2,Yes,December 10-December 16
10007,TriBeCa,10007,40.713923,-74.007546,12.87,738,95,1916.6,Yes,December 10-December 16
10009,Alphabet City/East Village/Stuyvesant Town-Cooper Village,10009,40.72638,-73.978704,9.82,3757,369,1037.6,Yes,December 10-December 16
10010,Flatiron/Gramercy/Kips Bay,10010,40.739119,-73.982544,8.23,2891,238,1481.1,Yes,December 10-December 16
10011,Chelsea,10011,40.741707,-74.000062,10.06,4423,445,1360.9,Yes,December 10-December 16
10012,Greenwich Village/SoHo,10012,40.725576,-73.998078,11.11,2152,239,1511.7,Yes,December 10-December 16
10013,Hudson Square/Little Italy/SoHo/TriBeCa,10013,40.720096,-74.004763,10.73,2778,298,1450.4,Yes,December 10-December 16
10014,Hudson Square/Meatpacking District/West Village,10014,40.73402,-74.006314,12.44,2467,307,1480.1,Yes,December 10-December 16
10016,Kips Bay/Murray Hill/NoMad,10016,40.745174,-73.978319,10.64,5347,569,1606.7,Yes,December 10-December 16
10017,East Midtown/Murray Hill,10017,40.752543,-73.973037,6.82,1746,119,1870.2,Yes,December 10-December 16
10018,Hell's Kitchen/Midtown Manhattan,10018,40.755191,-73.992667,6.16,1656,102,2273,Yes,December 10-December 16
10019,Hell's Kitchen/Midtown Manhattan,"10019, 10020",40.76528,-73.985974,6.01,4213,253,1822.1,Yes,December 10-December 16
10021,Lenox Hill/Upper East Side,10021,40.769474,-73.958771,6.74,2983,201,1103,Yes,December 10-December 16
10022,East Midtown,10022,40.758676,-73.968098,6.97,2613,182,1514.8,Yes,December 10-December 16
10023,Lincoln Square,10023,40.775901,-73.982658,5.9,4696,277,1197.8,Yes,December 10-December 16
10024,Upper West Side,10024,40.792085,-73.974871,4.79,3611,173,1104.2,Yes,December 10-December 16
10025,Manhattan Valley/Morningside Heights/Upper West Side,10025,40.798651,-73.966585,5.11,7059,361,1462.6,Yes,December 10-December 16
10026,Central Harlem (South),10026,40.802341,-73.952521,7.29,2181,159,1003.5,Yes,December 10-December 16
10027,Central Harlem (South)/Morningside Heights/West Harlem,10027,40.8118,-73.953204,5.54,4444,246,1271.4,Yes,December 10-December 16
10028,Upper East Side/Yorkville,10028,40.776432,-73.953509,7.76,3648,283,1266.6,Yes,December 10-December 16
10029,East Harlem,10029,40.791777,-73.943969,7.04,3396,239,710.8,Yes,December 10-December 16
10030,Central Harlem (North),10030,40.818326,-73.942842,6.17,1265,78,775.5,Yes,December 10-December 16
10031,Hamilton Heights/West Harlem,10031,40.825278,-73.950037,5.84,2210,129,681.1,Yes,December 10-December 16
10032,Washington Heights (South),10032,40.838768,-73.942824,6.83,2473,169,651.9,Yes,December 10-December 16
10033,Washington Heights (North)/Washington Heights (South),10033,40.850497,-73.934007,4.53,2053,93,615.2,Yes,December 10-December 16
10034,Inwood/Washington Heights (North),10034,40.867168,-73.924048,4.52,1461,66,608.4,Yes,December 10-December 16
10035,East Harlem,10035,40.791,-73.924596,5.01,1556,78,732.1,Yes,December 10-December 16
10036,Hell's Kitchen/Midtown Manhattan,10036,40.75916,-73.989705,4.51,6535,295,4269.1,Yes,December 10-December 16
10037,Central Harlem (North)/East Harlem,10037,40.812957,-73.937419,6.67,1035,69,884.9,Yes,December 10-December 16
10038,Chinatown/Financial District,10038,40.709696,-74.002391,8.81,1498,132,1045.3,Yes,December 10-December 16
10039,Central Harlem (North)/Washington Heights (South),10039,40.830807,-73.936247,5.05,1009,51,603.4,Yes,December 10-December 16
10040,Washington Heights (North),10040,40.85831,-73.93049,4.77,1510,72,582.3,Yes,December 10-December 16
10044,Roosevelt Island,10044,40.761931,-73.949924,4.63,778,36,942.4,Yes,December 10-December 16
10065,Lenox Hill/Upper East Side,10065,40.764616,-73.963135,7.43,3148,234,1720.5,Yes,December 10-December 16
10069,Lincoln Square,10069,40.775924,-73.990256,3.84,573,22,1432.1,Yes,December 10-December 16
10075,Lenox Hill/Upper East Side,"10075, 10162",40.773132,-73.955884,6.93,1789,124,1319.2,Yes,December 10-December 16
10128,Upper East Side/Yorkville,10128,40.781466,-73.950226,8.19,4055,332,1190.3,Yes,December 10-December 16
10280,Battery Park City,10280,40.709318,-74.016654,9.39,543,51,952.3,Yes,December 10-December 16
10282,Battery Park City,10282,40.716409,-74.015077,10.28,467,48,1579.3,Yes,December 10-December 16
10301,Silver Lake/St. George,10301,40.628224,-74.096232,7.87,1996,157,796.8,Yes,December 10-December 16
10302,Elm Park,10302,40.630598,-74.137891,6.51,876,57,714.1,Yes,December 10-December 16
10303,Graniteville/Mariner's Harbor/Port Ivory,10303,40.632135,-74.169166,7.46,1179,88,735.5,Yes,December 10-December 16
10304,New Dorp/Todt Hill,10304,40.605985,-74.0943,7.64,2067,158,795,Yes,December 10-December 16
10305,Arrochar/Midland Beach/Shore Acres/South Beach Ocean Breeze,10305,40.595474,-74.075437,7.55,1934,146,686,Yes,December 10-December 16
10306,Lighthouse Hill/Midland Beach/New Dorp/Oakwood,10306,40.571571,-74.125541,7.86,2633,207,802.9,Yes,December 10-December 16
10307,Tottenville,10307,40.507771,-74.24227,8.7,793,69,938.8,Yes,December 10-December 16
10308,Great Kills,10308,40.551574,-74.150454,9.33,1297,121,751.2,Yes,December 10-December 16
10309,Charleston/Prince's Bay/Woodrow,10309,40.531355,-74.220574,11.11,1791,199,807.5,Yes,December 10-December 16
10310,Port Richmond/Randall Manor/West Brighton,10310,40.632398,-74.11618,7.54,1180,89,900.1,Yes,December 10-December 16
10312,Annadale/Rossville,10312,40.545128,-74.18169,9.32,3156,294,855,Yes,December 10-December 16
10314,Bloomfield/Freshkills Park,10314,40.599333,-74.166462,7.5,4294,322,709,Yes,December 10-December 16
10451,Concourse/Melrose,10451,40.820705,-73.923865,6.81,2041,139,709.4,Yes,December 10-December 16
10452,Concourse/Highbridge,10452,40.837364,-73.923461,5.06,2530,128,510.6,Yes,December 10-December 16
10453,Morris Heights/Mount Hope/University Heights,10453,40.852304,-73.913578,6.17,2592,160,491.9,Yes,December 10-December 16
10454,Mott Haven/Port Morris,10454,40.805487,-73.916605,7.85,1477,116,557.8,Yes,December 10-December 16
10455,Mott Haven,10455,40.8147,-73.908583,6.12,1390,85,527.5,Yes,December 10-December 16
10456,Claremont/Morrisania,10456,40.829884,-73.908121,6,3131,188,563.3,Yes,December 10-December 16
10457,Belmont/Claremont/Mount Hope/Tremont,10457,40.847151,-73.898676,5.63,2524,142,591.4,Yes,December 10-December 16
10458,Belmont/Fordham University/Kingsbridge,10458,40.862531,-73.88817,6.31,2820,178,633.3,Yes,December 10-December 16
10459,Charlotte Gardens/Hunts Point,10459,40.82584,-73.892976,6.28,1640,103,515.9,Yes,December 10-December 16
10460,Charlotte Gardens/Tremont/Van Nest/West Farms,10460,40.841753,-73.879584,6.64,2092,139,574.1,Yes,December 10-December 16
10461,Morris Park/Pelham Bay/Westchester Square,10461,40.847415,-73.840601,7.01,1996,140,641.6,Yes,December 10-December 16
10462,Parkchester/Pelham Parkway/Van Nest/Westchester Square,10462,40.842874,-73.858772,5.23,2791,146,655.9,Yes,December 10-December 16
10463,Kingsbridge/Marble Hill/Riverdale/Spuyten Duyvil,10463,40.880824,-73.906514,4.56,2565,117,650.1,Yes,December 10-December 16
10464,City Island,10464,40.872311,-73.804653,7.81,192,15,746.7,Yes,December 10-December 16
10465,Country Club/Throgs Neck,10465,40.823931,-73.822886,7.34,1458,107,528.7,Yes,December 10-December 16
10466,Edenwald/Wakefield,10466,40.890965,-73.845912,5.24,2423,127,586.2,Yes,December 10-December 16
10467,Allerton/Norwood/Pelham Parkway/Williamsbridge,10467,40.880939,-73.873956,6.01,3525,212,574.2,Yes,December 10-December 16
10468,Fordham/Kingsbridge/University Heights,10468,40.868161,-73.899844,5.32,2463,131,461.4,Yes,December 10-December 16
10469,Allerton/Baychester/Pelham Gardens/Williamsbridge,10469,40.86876,-73.846984,5.82,2441,142,555,Yes,December 10-December 16
10470,Wakefield/Woodlawn,10470,40.895986,-73.86802,5.13,624,32,660.4,Yes,December 10-December 16
10471,Fieldston/North Riverdale/Riverdale,10471,40.899509,-73.901518,5.89,951,56,838,Yes,December 10-December 16
10472,Soundview,10472,40.829561,-73.869393,5.05,2080,105,522.2,Yes,December 10-December 16
10473,Castle Hill/Clason Point/Soundview,10473,40.818135,-73.858718,6.97,2081,145,561.7,Yes,December 10-December 16
10474,Hunts Point,10474,40.810595,-73.884618,3.95,329,13,417.5,Yes,December 10-December 16
10475,Co-op City/Edenwald,10475,40.868941,-73.824854,6.24,1346,84,486.7,Yes,December 10-December 16
11004,Bellerose/Douglaston-Little Neck,"11004, 11005",40.748068,-73.710907,6.39,548,35,459.1,Yes,December 10-December 16
11101,Astoria (South)/Long Island City/Sunnyside,11101,40.747077,-73.938586,6.45,2761,178,1300.4,Yes,December 10-December 16
11102,Astoria (North),11102,40.772498,-73.925912,6.81,1600,109,922,Yes,December 10-December 16
11103,Astoria (North)/Astoria (South),11103,40.762536,-73.913541,8.66,2021,175,1019,Yes,December 10-December 16
11104,Sunnyside,11104,40.744658,-73.920205,5.51,1252,69,912.1,Yes,December 10-December 16
11105,Ditmars Steinway,11105,40.778969,-73.906286,7.15,1412,101,773.7,Yes,December 10-December 16
11106,Astoria (South),11106,40.761792,-73.931771,6.01,1798,108,879,Yes,December 10-December 16
11109,Long Island City,11109,40.746211,-73.956999,6.63,513,34,1579.1,Yes,December 10-December 16
11201,Brooklyn Heights/DUMBO/Downtown Brooklyn,11201,40.694609,-73.989581,7.88,5041,397,1480.1,Yes,December 10-December 16
11203,East Flatbush (North)/East Flatbush (South),11203,40.649576,-73.934363,8.26,3343,276,751.6,Yes,December 10-December 16
11204,Bensonhurst/Mapleton,11204,40.618774,-73.984824,4.74,2954,140,540.9,Yes,December 10-December 16
11205,Bedford-Stuyvesant (West)/Clinton Hill/Fort Greene,11205,40.694625,-73.966212,5.42,4449,241,1235.3,Yes,December 10-December 16
11206,Williamsburg (South),11206,40.701957,-73.942361,5.85,6464,378,938.8,Yes,December 10-December 16
11207,Cypress Hills/East New York,11207,40.670819,-73.894255,7.17,4254,305,769.4,Yes,December 10-December 16
11208,Cypress Hills/East New York,11208,40.668385,-73.871084,6.67,3539,236,542,Yes,December 10-December 16
11209,Bay Ridge/Fort Hamilton,11209,40.621811,-74.030011,6.08,3750,228,903.5,Yes,December 10-December 16
11210,Flatlands/Midwood,11210,40.628165,-73.946316,5.92,2180,129,564.8,Yes,December 10-December 16
11211,East Williamsburg/Williamsburg (North)/Williamsburg (South),"11211, 11249",40.712334,-73.953851,7.75,8982,696,1291.5,Yes,December 10-December 16
11212,Ocean Hill-Brownsville,11212,40.662935,-73.913011,6.8,3679,250,845,Yes,December 10-December 16
11213,Crown Heights (East),11213,40.671074,-73.93633,7.47,2824,211,712.1,Yes,December 10-December 16
11214,Bath Beach/Bensonhurst/Gravesend,11214,40.598729,-73.99621,5.65,3188,180,561.3,Yes,December 10-December 16
11215,Gowanus/Park Slope/Windsor Terrace,11215,40.66252,-73.986872,6.1,4899,299,1195,Yes,December 10-December 16
11216,Bedford-Stuyvesant (West)/Crown Heights (West),11216,40.680785,-73.94931,8.41,3390,285,1081.6,Yes,December 10-December 16
11217,Boerum Hill/Park Slope,"11217, 11243",40.682417,-73.97938,6.45,2962,191,1353,Yes,December 10-December 16
11218,Kensington/Windsor Terrace,11218,40.64348,-73.976044,5.11,4538,232,1047.4,Yes,December 10-December 16
11219,Borough Park,11219,40.632662,-73.996666,3.56,3905,139,546.2,Yes,December 10-December 16
11220,Sunset Park,11220,40.641081,-74.016495,4.56,3401,155,582.5,Yes,December 10-December 16
11221,Bedford-Stuyvesant (East)/Bushwick,11221,40.691339,-73.927885,9.17,4482,411,950.4,Yes,December 10-December 16
11222,Greenpoint,11222,40.728292,-73.947562,6.77,2675,181,1243,Yes,December 10-December 16
11223,Gravesend/Homecrest,11223,40.597169,-73.973422,9.04,2899,262,515.4,Yes,December 10-December 16
11224,Brighton Beach/Coney Island/Seagate,11224,40.57666,-73.988581,8.56,1835,157,695.9,Yes,December 10-December 16
11225,Crown Heights (West)/Prospect Lefferts Gardens,11225,40.663056,-73.954226,7.58,2704,205,902.4,Yes,December 10-December 16
11226,Flatbush/Prospect Lefferts Gardens,11226,40.646456,-73.956654,6.81,4348,296,786.8,Yes,December 10-December 16
11228,Bath Beach/Dyker Heights,11228,40.616715,-74.013054,6.08,1908,116,631.3,Yes,December 10-December 16
11229,Gerritsen Beach/Homecrest/Sheepshead Bay,11229,40.601175,-73.944465,7.83,2887,226,508.8,Yes,December 10-December 16
11230,Midwood,11230,40.622164,-73.965096,7.59,3572,271,582.7,Yes,December 10-December 16
11231,Carroll Gardens/Cobble Hill/Red Hook,11231,40.677562,-74.004445,6.52,2685,175,1300.3,Yes,December 10-December 16
11232,Sunset Park,11232,40.655984,-74.005304,5.25,1276,67,830.7,Yes,December 10-December 16
11233,Bedford-Stuyvesant (East)/Ocean Hill-Brownsville,11233,40.678302,-73.919931,8.47,3531,299,808.6,Yes,December 10-December 16
11234,Bergen Beach/Flatlands/Marine Park/Mill Basin,11234,40.60758,-73.910513,7.26,3499,254,601.8,Yes,December 10-December 16
11235,Brighton Beach/Manhattan Beach/Sheepshead Bay,11235,40.583915,-73.949669,6.7,3016,202,562.7,Yes,December 10-December 16
11236,Canarsie,11236,40.640004,-73.901459,8.08,3934,318,606.5,Yes,December 10-December 16
11237,Bushwick/East Williamsburg,11237,40.704153,-73.920883,9.51,2535,241,908.3,Yes,December 10-December 16
11238,Clinton Hill/Prospect Heights,11238,40.679179,-73.963804,8.19,3674,301,1296,Yes,December 10-December 16
11239,East New York,11239,40.64753,-73.882398,8.35,695,58,660.4,Yes,December 10-December 16
11354,Flushing/Murray Hill,11354,40.76863,-73.827229,8.37,1578,132,469.2,Yes,December 10-December 16
11355,Flushing/Murray Hill/Queensboro Hill,11355,40.751459,-73.821014,8.84,2161,191,410.9,Yes,December 10-December 16
11356,College Point,11356,40.784867,-73.841495,6.54,872,57,495.3,Yes,December 10-December 16
11357,Whitestone,11357,40.78639,-73.810964,9.93,1500,149,619.9,Yes,December 10-December 16
11358,Auburndale/Murray Hill,11358,40.760475,-73.79637,6.38,1145,73,446.9,Yes,December 10-December 16
11360,Bayside (North),11360,40.78205,-73.7808,7.83,664,52,577.6,Yes,December 10-December 16
11361,Bayside (North)/Bayside (South),11361,40.763748,-73.772419,7.37,895,66,530.9,Yes,December 10-December 16
11362,Douglaston-Little Neck,11362,40.756533,-73.736995,9.04,586,53,447.5,Yes,December 10-December 16
11363,Douglaston-Little Neck,11363,40.772803,-73.746444,7.14,238,17,579,Yes,December 10-December 16
11364,Bayside (South)/Oakland Gardens,11364,40.745279,-73.760578,5.49,1220,67,484.8,Yes,December 10-December 16
11365,Auburndale/Fresh Meadows/Pomonok/Utopia,11365,40.739775,-73.794806,5.84,1387,81,536.3,Yes,December 10-December 16
11366,Fresh Meadows/Hillcrest,11366,40.728136,-73.784981,7.03,512,36,549,Yes,December 10-December 16
11367,Kew Gardens Hills/Pomonok,11367,40.730383,-73.826297,5.74,1323,76,531,Yes,December 10-December 16
11368,Corona/North Corona,11368,40.749594,-73.852604,5.96,3825,228,545.4,Yes,December 10-December 16
11369,Airport/East Elmhurst,11369,40.768944,-73.872812,5.41,1257,68,660.2,Yes,December 10-December 16
11370,Jackson Heights/Rikers Island,11370,40.763466,-73.891021,6.39,955,61,500.4,Yes,December 10-December 16
11372,Jackson Heights,11372,40.75169,-73.883634,5.37,2680,144,738.3,Yes,December 10-December 16
11373,Elmhurst,11373,40.738823,-73.8785,5.58,3599,201,605.5,Yes,December 10-December 16
11374,Rego Park,11374,40.726441,-73.861497,7.13,1628,116,657.1,Yes,December 10-December 16
11375,Forest Hills,11375,40.720931,-73.846184,6.36,3176,202,773.2,Yes,December 10-December 16
11377,Woodside,11377,40.744823,-73.90516,6.31,3565,225,756.7,Yes,December 10-December 16
11378,Maspeth,11378,40.724768,-73.909399,8.39,1502,126,666.8,Yes,December 10-December 16
11379,Middle Village,11379,40.716758,-73.879597,8.21,1425,117,674.2,Yes,December 10-December 16
11385,Glendale/Ridgewood,11385,40.701058,-73.890159,9.13,4327,395,716.1,Yes,December 10-December 16
11411,Cambria Heights,11411,40.694202,-73.735998,6.71,715,48,542.6,Yes,December 10-December 16
11412,St. Albans,11412,40.698095,-73.758984,7.54,1551,117,682.5,Yes,December 10-December 16
11413,Laurelton/Rosedale,11413,40.669738,-73.750842,8.65,1630,141,585.6,Yes,December 10-December 16
11414,Hamilton Beach/Howard Beach/Lindenwood,11414,40.658266,-73.844905,7.79,1066,83,511.3,Yes,December 10-December 16
11415,Kew Gardens,11415,40.708323,-73.828212,7.59,843,64,678.2,Yes,December 10-December 16
11416,Ozone Park,11416,40.684652,-73.849549,6.2,1033,64,591.1,Yes,December 10-December 16
11417,Ozone Park,11417,40.676457,-73.844522,6.88,1075,74,531.5,Yes,December 10-December 16
11418,Richmond Hill,11418,40.700236,-73.836062,5.75,1269,73,540.1,Yes,December 10-December 16
11419,Richmond Hill/South Ozone Park,11419,40.688676,-73.822901,6.96,1436,100,416.5,Yes,December 10-December 16
11420,South Ozone Park,11420,40.673518,-73.817812,6.42,1465,94,434.8,Yes,December 10-December 16
11421,Woodhaven,11421,40.69405,-73.85867,7.91,1365,108,559.3,Yes,December 10-December 16
11422,Rosedale,11422,40.660819,-73.73608,7.16,1146,82,611.3,Yes,December 10-December 16
11423,Hollis/Holliswood,11423,40.71491,-73.767865,6.72,1071,72,539.5,Yes,December 10-December 16
11426,Bellerose,11426,40.736521,-73.722384,7.02,712,50,535.6,Yes,December 10-December 16
11427,Bellerose/Hollis Hills/Holliswood,11427,40.730915,-73.745611,5.65,779,44,606.6,Yes,December 10-December 16
11428,Queens Village,11428,40.721015,-73.742206,6.27,638,40,538.2,Yes,December 10-December 16
11429,Queens Village,11429,40.709772,-73.738731,5.78,951,55,543,Yes,December 10-December 16
11432,Hillcrest/Jamaica Estates/Jamaica Hills,11432,40.715359,-73.793064,6.1,2066,126,597.5,Yes,December 10-December 16
11433,Jamaica,11433,40.69823,-73.787095,5.98,1337,80,553.1,Yes,December 10-December 16
11434,Airport/South Jamaica/Springfield Gardens/St. Albans,11434,40.656866,-73.783386,6.07,2521,153,564.7,Yes,December 10-December 16
11435,Briarwood/Jamaica,11435,40.701291,-73.809618,5.04,1903,96,551.2,Yes,December 10-December 16
11436,South Jamaica/South Ozone Park,11436,40.675819,-73.796618,6.02,664,40,593.7,Yes,December 10-December 16
11691,Edgemere/Far Rockaway,11691,40.60133,-73.761357,8.39,2361,198,601.3,Yes,December 10-December 16
11692,Arverne/Edgemere,11692,40.592794,-73.792203,8.52,775,66,584.9,Yes,December 10-December 16
11693,Arverne/Broad Channel,11693,40.603699,-73.821926,7.28,467,34,584,Yes,December 10-December 16
11694,Belle Harbor-Neponsit/Rockaway Park,11694,40.577599,-73.844553,9.15,754,69,577.5,Yes,December 10-December 16
11697,Breezy Point,11697,40.55907,-73.907199,10.59,170,18,795.8,Yes,December 10-December 16
